{"GBPUSDm": 1770026580.0069852, "EURUSDm": 1770005453.8533003, "XAUUSDm": 1768581344.5632107, "USDJPYm": 1769697606.139133, "BTCUSDm": 1768196012.9599597}