{"GBPUSDm": 1770199292.589535, "EURUSDm": 1770722135.4707098, "XAUUSDm": 1768581344.5632107, "USDJPYm": 1769697606.139133, "BTCUSDm": 1768196012.9599597}