{"GBPUSDm": 1769080834.8502777, "EURUSDm": 1768524528.847392, "XAUUSDm": 1768581344.5632107, "USDJPYm": 1769077717.2404466, "BTCUSDm": 1768196012.9599597}