{"GBPUSDm": 1768811420.8048964, "EURUSDm": 1768524528.847392, "XAUUSDm": 1768581344.5632107, "USDJPYm": 1768861227.1563556, "BTCUSDm": 1768196012.9599597}