{"GBPUSDm": 1769425483.3658266, "EURUSDm": 1769502706.730585, "XAUUSDm": 1768581344.5632107, "USDJPYm": 1769444688.6703246, "BTCUSDm": 1768196012.9599597}