{"GBPUSDm": 1769616112.3665125, "EURUSDm": 1769526611.721785, "XAUUSDm": 1768581344.5632107, "USDJPYm": 1769697606.139133, "BTCUSDm": 1768196012.9599597}